15.00,14.79,14.58,14.38,14.17,13.96,13.75,13.54,13.33,13.12,12.92,12.71,12.50,12.29,12.08,11.88,11.67,11.46,11.25,11.04,10.83,10.62,10.42,10.21,10
15.00,14.79,14.58,14.38,14.17,13.96,13.75,13.54,13.33,13.12,12.92,12.71,12.50,12.29,12.08,11.88,11.67,11.46,11.25,11.04,10.83,10.62,10.42,10.21,10
15.00,14.79,14.58,14.38,14.17,13.96,13.75,13.54,13.33,13.12,12.92,12.71,12.50,12.29,12.08,11.88,11.67,11.46,11.25,11.04,10.83,10.62,10.42,10.21,10
15.00,14.79,14.58,14.38,14.17,13.96,13.75,13.54,13.33,13.12,12.92,12.71,12.50,12.29,12.08,11.88,11.67,11.46,11.25,11.04,10.83,10.62,10.42,10.21,10
15.00,14.79,14.58,14.38,14.17,13.96,13.75,13.54,13.33,13.12,12.92,12.71,12.50,12.29,12.08,11.88,11.67,11.46,11.25,11.04,10.83,10.62,10.42,10.21,10
15.00,14.79,14.58,14.38,14.17,13.96,13.75,13.54,13.33,13.12,12.92,12.71,12.50,12.29,12.08,11.88,11.67,11.46,11.25,11.04,10.83,10.62,10.42,10.21,10
15.00,14.79,14.58,14.38,14.17,13.96,13.75,13.54,13.33,13.12,12.92,12.71,12.50,12.29,12.08,11.88,11.67,11.46,11.25,11.04,10.83,10.62,10.42,10.21,10
15.00,14.79,14.58,14.38,14.17,13.96,13.75,13.54,13.33,13.12,12.92,12.71,12.50,12.29,12.08,11.88,11.67,11.46,11.25,11.04,10.83,10.62,10.42,10.21,10
15.00,14.79,14.58,14.38,14.17,13.96,13.75,13.54,13.33,13.12,12.92,12.71,12.50,12.29,12.08,11.88,11.67,11.46,11.25,11.04,10.83,10.62,10.42,10.21,10
15.00,14.79,14.58,14.38,14.17,13.96,13.75,13.54,13.33,13.12,12.92,12.71,12.50,12.29,12.08,11.88,11.67,11.46,11.25,11.04,10.83,10.62,10.42,10.21,10
15.00,14.79,14.58,14.38,14.17,13.96,13.75,13.54,13.33,13.12,12.92,12.71,12.50,12.29,12.08,11.88,11.67,11.46,11.25,11.04,10.83,10.62,10.42,10.21,10
15.00,14.79,14.58,14.38,14.17,13.96,13.75,13.54,13.33,13.12,12.92,12.71,12.50,12.29,12.08,11.88,11.67,11.46,11.25,11.04,10.83,10.62,10.42,10.21,10
15.00,14.79,14.58,14.38,14.17,13.96,13.75,13.54,13.33,13.12,12.92,12.71,12.50,12.29,12.08,11.88,11.67,11.46,11.25,11.04,10.83,10.62,10.42,10.21,10
15.00,14.79,14.58,14.38,14.17,13.96,13.75,13.54,13.33,13.12,12.92,12.71,12.50,12.29,12.08,11.88,11.67,11.46,11.25,11.04,10.83,10.62,10.42,10.21,10
15.00,14.79,14.58,14.38,14.17,13.96,13.75,13.54,13.33,13.12,12.92,12.71,12.50,12.29,12.08,11.88,11.67,11.46,11.25,11.04,10.83,10.62,10.42,10.21,10
15.00,14.79,14.58,14.38,14.17,13.96,13.75,13.54,13.33,13.12,12.92,12.71,12.50,12.29,12.08,11.88,11.67,11.46,11.25,11.04,10.83,10.62,10.42,10.21,10
15.00,14.79,14.58,14.38,14.17,13.96,13.75,13.54,13.33,13.12,12.92,12.71,12.50,12.29,12.08,11.88,11.67,11.46,11.25,11.04,10.83,10.62,10.42,10.21,10
15.00,14.79,14.58,14.38,14.17,13.96,13.75,13.54,13.33,13.12,12.92,12.71,12.50,12.29,12.08,11.88,11.67,11.46,11.25,11.04,10.83,10.62,10.42,10.21,10
15.00,14.79,14.58,14.38,14.17,13.96,13.75,13.54,13.33,13.12,12.92,12.71,12.50,12.29,12.08,11.88,11.67,11.46,11.25,11.04,10.83,10.62,10.42,10.21,10
15.00,14.79,14.58,14.38,14.17,13.96,13.75,13.54,13.33,13.12,12.92,12.71,12.50,12.29,12.08,11.88,11.67,11.46,11.25,11.04,10.83,10.62,10.42,10.21,10
15.00,14.79,14.58,14.38,14.17,13.96,13.75,13.54,13.33,13.12,12.92,12.71,12.50,12.29,12.08,11.88,11.67,11.46,11.25,11.04,10.83,10.62,10.42,10.21,10
15.00,14.79,14.58,14.38,14.17,13.96,13.75,13.54,13.33,13.12,12.92,12.71,12.50,12.29,12.08,11.88,11.67,11.46,11.25,11.04,10.83,10.62,10.42,10.21,10
15.00,14.79,14.58,14.38,14.17,13.96,13.75,13.54,13.33,13.12,12.92,12.71,12.50,12.29,12.08,11.88,11.67,11.46,11.25,11.04,10.83,10.62,10.42,10.21,10
15.00,14.79,14.58,14.38,14.17,13.96,13.75,13.54,13.33,13.12,12.92,12.71,12.50,12.29,12.08,11.88,11.67,11.46,11.25,11.04,10.83,10.62,10.42,10.21,10
15.00,14.79,14.58,14.38,14.17,13.96,13.75,13.54,13.33,13.12,12.92,12.71,12.50,12.29,12.08,11.88,11.67,11.46,11.25,11.04,10.83,10.62,10.42,10.21,10
